{
  "identity": {
    "persona": "E1",
    "mission": "Create a top 1% sports-tech interface that blends broadcast graphics with SaaS precision.",
    "principles": [
      "Fusion over Imitation: Mix Sports Broadcast x SaaS Productivity x Streetwear.",
      "Emotion First: Every screen feels like 'Game Time'.",
      "Content is King: Data is the hero, UI is the stadium.",
      "Zoom In: Bold focus on player stats and details.",
      "Negative Space: Breathing room for high-density data."
    ]
  },
  "typography": {
    "fonts": {
      "headings": {
        "family": "Barlow Condensed, sans-serif",
        "weights": ["700", "800", "900"],
        "usage": "Hero titles, section headers, player numbers, key stats.",
        "letterSpacing": "tracking-tight"
      },
      "body": {
        "family": "Manrope, sans-serif",
        "weights": ["400", "500", "600"],
        "usage": "Paragraphs, form labels, table data, UI elements.",
        "letterSpacing": "tracking-normal"
      },
      "mono": {
        "family": "JetBrains Mono, monospace",
        "weights": ["400"],
        "usage": "Code snippets, technical IDs, timestamps."
      }
    },
    "scale": {
      "h1": "text-5xl md:text-7xl font-black uppercase tracking-tighter",
      "h2": "text-3xl md:text-5xl font-bold uppercase tracking-tight",
      "h3": "text-2xl md:text-3xl font-bold uppercase",
      "body-lg": "text-lg md:text-xl font-medium leading-relaxed",
      "body-base": "text-base font-normal leading-relaxed",
      "caption": "text-sm font-medium text-muted-foreground uppercase tracking-wider"
    }
  },
  "colors": {
    "theme": "dark",
    "palette": {
      "background": {
        "default": "#0b0b0b",
        "paper": "#121212",
        "subtle": "#1a1a1a"
      },
      "primary": {
        "main": "#0134bd",
        "light": "#3366ff",
        "dark": "#002280",
        "foreground": "#ffffff"
      },
      "secondary": {
        "main": "#fb6c1d",
        "light": "#ff8e4d",
        "dark": "#c44900",
        "foreground": "#ffffff"
      },
      "neutral": {
        "50": "#fafafa",
        "100": "#f4f4f5",
        "200": "#e4e4e7",
        "300": "#d4d4d8",
        "400": "#a1a1aa",
        "500": "#71717a",
        "600": "#52525b",
        "700": "#3f3f46",
        "800": "#27272a",
        "900": "#18181b",
        "950": "#09090b"
      },
      "semantic": {
        "success": "#10b981",
        "warning": "#f59e0b",
        "error": "#ef4444",
        "info": "#3b82f6"
      }
    },
    "gradients": {
      "brand": "bg-gradient-to-r from-[#0134bd] to-[#fb6c1d]",
      "dark-mesh": "bg-[radial-gradient(ellipse_at_top_right,_var(--tw-gradient-stops))] from-[#0134bd]/20 via-[#0b0b0b] to-[#0b0b0b]",
      "glass": "bg-white/5 backdrop-blur-xl border-white/10"
    }
  },
  "layout": {
    "spacing": {
      "container": "max-w-7xl mx-auto px-4 sm:px-6 lg:px-8",
      "section": "py-12 md:py-24",
      "card-padding": "p-6 md:p-8"
    },
    "grids": {
      "bento": "grid grid-cols-1 md:grid-cols-3 lg:grid-cols-4 gap-4 md:gap-6",
      "form": "grid grid-cols-1 md:grid-cols-2 gap-6 md:gap-8"
    },
    "radius": {
      "default": "rounded-none",
      "card": "rounded-xl",
      "button": "rounded-md"
    }
  },
  "components": {
    "buttons": {
      "primary": "bg-[#0134bd] hover:bg-[#0134bd]/90 text-white font-bold uppercase tracking-wide rounded-md shadow-[0_0_15px_rgba(1,52,189,0.5)] transition-all hover:scale-105",
      "secondary": "bg-[#fb6c1d] hover:bg-[#fb6c1d]/90 text-white font-bold uppercase tracking-wide rounded-md shadow-[0_0_15px_rgba(251,108,29,0.5)] transition-all hover:scale-105",
      "outline": "border-2 border-white/20 hover:border-white text-white bg-transparent font-bold uppercase tracking-wide rounded-md transition-all",
      "ghost": "text-white/70 hover:text-white hover:bg-white/10 font-medium transition-all"
    },
    "cards": {
      "base": "bg-[#121212] border border-white/10 rounded-xl overflow-hidden",
      "hover": "hover:border-[#0134bd]/50 hover:shadow-[0_0_30px_rgba(1,52,189,0.1)] transition-all duration-300",
      "glass": "bg-[#121212]/80 backdrop-blur-md border border-white/5"
    },
    "inputs": {
      "base": "bg-[#0b0b0b] border border-white/20 text-white placeholder:text-white/30 focus:border-[#fb6c1d] focus:ring-1 focus:ring-[#fb6c1d] rounded-md h-12 px-4 transition-all"
    },
    "badges": {
      "base": "inline-flex items-center px-2.5 py-0.5 rounded-full text-xs font-bold uppercase tracking-wide",
      "pipeline": {
        "requested": "bg-blue-500/10 text-blue-500 border border-blue-500/20",
        "in_review": "bg-yellow-500/10 text-yellow-500 border border-yellow-500/20",
        "drafting": "bg-purple-500/10 text-purple-500 border border-purple-500/20",
        "design": "bg-pink-500/10 text-pink-500 border border-pink-500/20",
        "delivered": "bg-green-500/10 text-green-500 border border-green-500/20"
      }
    }
  },
  "visual_enhancers": {
    "textures": {
      "noise": "bg-[url('https://grainy-gradients.vercel.app/noise.svg')] opacity-20 mix-blend-overlay",
      "court-lines": "bg-[linear-gradient(45deg,rgba(255,255,255,0.03)_25%,transparent_25%,transparent_50%,rgba(255,255,255,0.03)_50%,rgba(255,255,255,0.03)_75%,transparent_75%,transparent)] bg-[length:24px_24px]"
    },
    "effects": {
      "glow": "shadow-[0_0_20px_rgba(1,52,189,0.3)]",
      "neon-text": "drop-shadow-[0_0_8px_rgba(251,108,29,0.5)]"
    }
  },
  "assets": {
    "images": {
      "hero_bg": "https://images.unsplash.com/photo-1646625753091-de94be5cfc32?crop=entropy&cs=srgb&fm=jpg&q=85",
      "action_shot": "https://images.pexels.com/photos/159611/basketball-player-game-sport-159611.jpeg",
      "court_texture": "https://images.unsplash.com/photo-1674917470371-4797a55dd303?crop=entropy&cs=srgb&fm=jpg&q=85",
      "team_huddle": "https://images.pexels.com/photos/6764775/pexels-photo-6764775.jpeg",
      "logo_placeholder": "https://placehold.co/200x80/0b0b0b/ffffff?text=HOOP+WITH+HER"
    },
    "icons": "Use Lucide React icons. Stroke width: 1.5px for elegance, 2px for UI controls."
  },
  "universal_guidelines": [
    "DO NOT use gradients for text unless it's a massive headline.",
    "DO NOT use pure black (#000000). Use #0b0b0b or #121212.",
    "ALWAYS add 'data-testid' to interactive elements.",
    "Use 'sonner' for toasts.",
    "Use 'Barlow Condensed' for all headings to maintain brand identity.",
    "Ensure all text has sufficient contrast (WCAG AA).",
    "Mobile-first: Intake form must be thumb-friendly (44px+ touch targets)."
  ],
  "instructions_to_main_agent": "You are building a high-performance sports-tech app. Stick to the dark theme. Use the provided image URLs for backgrounds and placeholders. Implement the 'Bento' grid for the dashboard. Use Shadcn components but override their styles with the classes defined in 'components' section. Prioritize the 'Barlow Condensed' font for headings to give it that sports-media look."
}